danh_sách học rv đỗ trường singapore rv centre hà nội chúc_mừng học rv đỗ trường quốc singapore học dưới danh_sách_thí trúng_tuyển đh quốc_gia sinhgapore đh công nghê nanyang ngeeann polytechnic đại_học quốc_gia singapore nus họ tên lớp_học rv học trường thi đỗ học_bổng lê_thu nga inten pu hà_nội amsterdam nus phạm_tuấn minh pu chuyên lý đh khtn nus nguyễn_thuý ngọc_pu chuyên toán đh khtn nus lê nguyễn_diệu hằng pu chuyên tin đh khtn nus dương bình_dương pu chuyên nn nus phạm_đức dũng pu nus trần song thương thương pu đh khtn nus phan_xuân dũng pu hà_nội amsterdam nus lê_thanh hiếu pu chuyên sinh đh khtn nus nguyễn_vân hương pu chuyên nn đh qghn nus hoàng hương_giang pu đh khtn nus trần_phương nhung pu nus trần_ngọc mai pu hà_nội amsterdam nus trịnh_thái duy pu hà_nội amsterdam nus đỗ_thị thu hương pu chuyên ngữ đh qg hn nus nguyễn_quang huy pu hà_nội amsterdam nus đh công nghê nanyang singapore ntu lê_thu nga inten pu hà_nội amsterdam ntu phạm_tuấn minh pu chuyên lý đh khtn ntu nguyễn_thuý ngọc_pu chuyên toán đh khtn ntu lê nguyễn_diệu hằng pu chuyên tin dhhkhtn ntu trần_phương nam pu hà_nội amsterdam ntu phạm_đức dũng pu ntu phan_xuân dũng pu hà_nội amsterdam ntu vũ_đình thế pu đh qg hn ntu đặng_hoài nam pu ntu nguyễn_vinh_quang pu hà_nội amsterdam ntu đinh_khắc thành pu đh khtn ntu trần_phương nhung pu ntu trịnh_thái duy pu hà_nội amsterdam ntu cao nam hải pu hà_nội amsterdam ntu nguyễn_việt phú pu đh bk hn ntu nguyễn_thu thuỷ pu đh qg hn ntu ngeeann polytechnic singapore nguyễn_văn_thuật chu văn_an poly nguyễn_duy hoàng đh khtn poly nguyễn_gia tùng việt đức poly lưu ngọc linh đh nn hn poly bạch tuấn anh lê_quý đôn_poly nguyễn_hoài phương trần_phú poly nguyễn_minh nhật hà_nội amsterdam poly nguyễn_thuỳ trang hà_nội amsterdam poly lê_huyền trang chu văn_an poly đặng_quốc sơn chu văn_an poly nguyễn_vinh_quang đh bk hn poly bùi_trung_nghĩa việt đức poly huỳnh công_đức đh qghn poly nguyễn_hoài anh đh khtn poly nguyễn_vân hương đh qghn poly nguyễn_hùng phương trần_phú poly bùi_minh tuấn poly văn hồng_quân poly vũ tô_hà trang trần_phú poly lê_mai hương hà_nội amsterdam poly nguyễn_anh thư nguyễn_trãi poly hoàng hải linh nguyễn_bỉnh khiêm tphcm poly dương bình dương chuyên ngữ hn poly phạm hoàng việt marie curie poly trần_thị hường kim_liên poly nguyễn_khánh trung kim_poly nguyễn_đức dũng đh khtn poly